Title,Company,Link
ReactNative/React 프론트 개발자 (3년 이상),페이워크,https://www.wanted.co.kr/wd/150575
React Native 개발자(Lead),네오사피엔스(타입캐스트),https://www.wanted.co.kr/wd/211848
React Native Engineer,모드하우스,https://www.wanted.co.kr/wd/211215
React Native 모바일 앱 개발자 (3년 이상),휴가중,https://www.wanted.co.kr/wd/200962
React Native 개발자,클래스팅(Classting),https://www.wanted.co.kr/wd/193101
Frontend (React / Angular) 개발자(5년 이상),디앤에스에버(DNS Ever),https://www.wanted.co.kr/wd/212111
React Native/Node.js 풀스택 시니어 앱 개발자,시놀,https://www.wanted.co.kr/wd/190363
"앱 개발자 (React Native,  3년 이상)",코딧(CODITCorp.),https://www.wanted.co.kr/wd/135520
ReactNative/React 프론트 개발자 (3년 이상),페이워크,https://www.wanted.co.kr/wd/150575
React Native 개발자(Lead),네오사피엔스(타입캐스트),https://www.wanted.co.kr/wd/211848
React Native Engineer,모드하우스,https://www.wanted.co.kr/wd/211215
React Native 모바일 앱 개발자 (3년 이상),휴가중,https://www.wanted.co.kr/wd/200962
React Native 개발자,클래스팅(Classting),https://www.wanted.co.kr/wd/193101
Frontend (React / Angular) 개발자(5년 이상),디앤에스에버(DNS Ever),https://www.wanted.co.kr/wd/212111
React Native/Node.js 풀스택 시니어 앱 개발자,시놀,https://www.wanted.co.kr/wd/190363
"앱 개발자 (React Native,  3년 이상)",코딧(CODITCorp.),https://www.wanted.co.kr/wd/135520
"프론트엔드 개발자 (리더, React.js 6년 이상)",코딧(CODITCorp.),https://www.wanted.co.kr/wd/93806
"네이티브 앱 개발자(React Native, 5년 이상)",물류대장,https://www.wanted.co.kr/wd/149730
[React]프론트엔드 개발자(5년차),더브이플래닛,https://www.wanted.co.kr/wd/211079
React Native APP Developer,한화비전,https://www.wanted.co.kr/wd/211810
"React, ReactNative 개발자",팹(PAP),https://www.wanted.co.kr/wd/136210
[3년이상] 프론트엔드 개발자 React/React Native/Node.js,렉스퍼,https://www.wanted.co.kr/wd/205183
React Native 모바일 앱 개발자 (3년 이상),블루밍비트,https://www.wanted.co.kr/wd/212801
리액트 네이티브 FE 개발자,퓨처센스(FutureSense),https://www.wanted.co.kr/wd/211472
React Native Staff Engineer,알로카도스,https://www.wanted.co.kr/wd/140908
웹프로그래밍 블록체인 교강사 (Node.js React.js 등),경일게임아카데미,https://www.wanted.co.kr/wd/205434
프론트엔드 React Native 개발자 (2년 이상),얼라이언스인터넷,https://www.wanted.co.kr/wd/204633
[500억↑투자] React-Native 앱 개발자,비버웍스,https://www.wanted.co.kr/wd/209950
[울산 근무] 프론트엔드 엔지니어(React Native),타이로스코프,https://www.wanted.co.kr/wd/166293
React Native 개발자(모바일),다누시스,https://www.wanted.co.kr/wd/210704
React Native 앱 개발자,라이드,https://www.wanted.co.kr/wd/183799
React Native 모바일 앱 개발자,이터널,https://www.wanted.co.kr/wd/195575
Frontend 개발 (React),투스카이,https://www.wanted.co.kr/wd/197741
React Native 앱 개발자,샘랩(SAMLAB),https://www.wanted.co.kr/wd/212000
[100억↑투자] Mobile App Developer(React Native),아임웹,https://www.wanted.co.kr/wd/182668
React 프론트 & Flutter 개발자,야미펀,https://www.wanted.co.kr/wd/210289
React Native 앱 개발자,하이데브(HighDev),https://www.wanted.co.kr/wd/148982
Sr. React Front-end Engineer,올거나이즈코리아(Allganize Korea),https://www.wanted.co.kr/wd/184032
(React) 프론트엔드 개발자,먼치팩토리,https://www.wanted.co.kr/wd/212971
React Native 개발자,피어테크(지닥),https://www.wanted.co.kr/wd/212045
Global 서비스 React Native 개발,아프리카TV,https://www.wanted.co.kr/wd/126674
Django/React 개발자,아이넥스코퍼레이션,https://www.wanted.co.kr/wd/167083
"웹 프론트엔드 개발자(React, 4년이상)",물류대장,https://www.wanted.co.kr/wd/90322
Senior Frontend Engineer (React),위펀(스낵24),https://www.wanted.co.kr/wd/169803
React Native 개발자,버디파이(Budify),https://www.wanted.co.kr/wd/145752
앱 (React Native) 개발자,링글잉글리시에듀케이션서비스,https://www.wanted.co.kr/wd/93006
프론트엔드 개발자(React.js),라이브데이터,https://www.wanted.co.kr/wd/212029
테이블로 React 프론트 개발자 (1~5년),창업인(changupin),https://www.wanted.co.kr/wd/212243
React / Next.js 웹개발자 (1년 이상),다이노즈,https://www.wanted.co.kr/wd/208965
React 프론트엔드 엔지니어 (연구개발 에너지SW팀),크로커스,https://www.wanted.co.kr/wd/185176
[200억↑투자] 프론트엔드 엔지니어 (React),페이히어,https://www.wanted.co.kr/wd/212630
[React]프론트엔드 개발자(2년차),더브이플래닛,https://www.wanted.co.kr/wd/211083
"프론트엔드 개발자 (Typescript, React)",미스터블루,https://www.wanted.co.kr/wd/204314
Frontend Engineer (React),에스투더블유(S2W),https://www.wanted.co.kr/wd/212752
프론트엔드 개발자 (React.js 3년이상),코딧(CODITCorp.),https://www.wanted.co.kr/wd/53936
Front-end 개발 (TS/React),솔닥,https://www.wanted.co.kr/wd/211374
웹프론트 개발자(react),뉴플로이,https://www.wanted.co.kr/wd/202005
[200억↑투자] Front-Web(React) 개발 (플랫폼실),놀이의발견,https://www.wanted.co.kr/wd/172412
프론트엔드(React/React-Native) 개발자,넥스트에디션,https://www.wanted.co.kr/wd/165200
"프론트엔드 웹프로그래머 (Vue.js, React) 1~4년차",키트웍스,https://www.wanted.co.kr/wd/210843
[500억↑투자] 프론트엔드 개발자 (React js),비버웍스,https://www.wanted.co.kr/wd/209952
"[AI 로보MD] 웹개발자 (JAVA,React)",아이클레이브,https://www.wanted.co.kr/wd/209737
[200억↑투자] 웹(React) 개발자 (3년 이상),클라썸,https://www.wanted.co.kr/wd/195983
웹 프론트엔드 / ReactJS,여니으니,https://www.wanted.co.kr/wd/208819
프론트엔드 엔지니어 (React),뮤즈라이브(Muzlive),https://www.wanted.co.kr/wd/25154
[제품개발팀] 프론트엔드 개발자 (React),퀄슨,https://www.wanted.co.kr/wd/205433
프론트엔드 개발자(React Native) (2년차 이상),와이피랩스(커넥팅),https://www.wanted.co.kr/wd/43273
[100억↑투자] [자동차사업팀] React Native 앱개발자,패스트뷰,https://www.wanted.co.kr/wd/195000
